-- 10 пользователей
INSERT INTO users (name, email, phone, password, role) VALUES
('Иван Петров', 'ivan@mail.ru', '+79161234567', 'password123', 'CLIENT'),
('Мария Сидорова', 'maria@mail.ru', '+79161234568', 'password123', 'CLIENT'),
('Сергей Иванов', 'sergei@mail.ru', '+79161234569', 'password123', 'CLIENT'),
('Анна Козлова', 'anna@mail.ru', '+79161234570', 'password123', 'CLIENT'),
('Дмитрий Смирнов', 'dmitry@mail.ru', '+79161234571', 'password123', 'CLIENT'),
('Ольга Новикова', 'olga@mail.ru', '+79161234572', 'password123', 'CLIENT'),
('Алексей Курьеров', 'courier1@mail.ru', '+79161234573', 'password123', 'COURIER'),
('Петр Доставкин', 'courier2@mail.ru', '+79161234574', 'password123', 'COURIER'),
('Суши Мастер', 'sushi@rest.com', '+78001002030', 'rest123', 'RESTAURANT'),
('Пицца Темпо', 'pizza@rest.com', '+78003004050', 'rest123', 'RESTAURANT');

-- 10 ресторанов
INSERT INTO restaurants (name, email, password, phone, address, cuisine_type, rating, delivery_time, min_order_amount) VALUES
('Mario Pizza', 'mario.pizza@gmail.com', 'rest123', '+79161234575', 'ул. Пушкина, 10', 'ITALIAN', 4.5, 35, 500.00),
('Tokyo Sushi', 'tokyo.sushi@yahoo.com', 'rest123', '+79161234576', 'ул. Лермонтова, 25', 'JAPANESE', 4.7, 45, 600.00),
('Burger King', 'burger.king@outlook.com', 'rest123', '+79161234577', 'ул. Гагарина, 5', 'FAST_FOOD', 4.3, 25, 300.00),
('Бабушкина Кухня', 'babushka.kuhnya@yandex.ru', 'rest123', '+79161234578', 'пр. Мира, 15', 'RUSSIAN', 4.8, 40, 400.00),
('China Town', 'china.town@hotmail.com', 'rest123', '+79161234579', 'ул. Кирова, 20', 'CHINESE', 4.4, 30, 450.00),
('Coffee Lab', 'coffee.lab@gmail.com', 'rest123', '+79161234580', 'пр. Ленина, 30', 'COFFEE', 4.6, 20, 200.00),
('Taco Bell', 'taco.bell@yahoo.com', 'rest123', '+79161234581', 'ул. Советская, 40', 'MEXICAN', 4.2, 35, 350.00),
('French Bakery', 'french.bakery@outlook.com', 'rest123', '+79161234582', 'ул. Цветочная, 55', 'FRENCH', 4.9, 25, 250.00),
('Indian Spice', 'indian.spice@gmail.com', 'rest123', '+79161234583', 'пр. Победы, 60', 'INDIAN', 4.1, 50, 550.00),
('Greek Paradise', 'greek.paradise@yahoo.com', 'rest123', '+79161234584', 'ул. Морская, 70', 'GREEK', 4.7, 40, 500.00);

-- 10 адресов
INSERT INTO addresses (user_id, label, address, apartment, entrance, floor, comment) VALUES
(1, 'Дом', 'ул. Ленина, д. 10', '25', '2', '5', 'Код домофона 25'),
(1, 'Работа', 'ул. Пушкина, д. 5', '100', '1', '10', 'Офис 100'),
(2, 'Квартира', 'пр. Мира, д. 15', '34', '3', '7', 'Звонок у двери'),
(3, 'Дом', 'ул. Гагарина, д. 20', '12', '1', '3', ''),
(4, 'Квартира', 'ул. Советская, д. 30', '45', '4', '8', ''),
(5, 'Дом', 'пр. Победы, д. 15', '23', '2', '4', 'Код 1234'),
(6, 'Квартира', 'ул. Молодежная, д. 8', '67', '1', '6', ''),
(2, 'Дача', 'ул. Садовая, д. 5', '1', '1', '1', 'Частный дом'),
(3, 'Офис', 'ул. Центральная, д. 1', '10', '1', '2', ''),
(4, 'Родители', 'ул. Школьная, д. 25', '33', '3', '5', '');

-- 10 позиций в меню
INSERT INTO menu (restaurant_id, name, description, price, category, is_available) VALUES
(1, 'Маргарита', 'Классическая пицца с томатами и моцареллой', 450.00, 'PIZZA', true),
(1, 'Пепперони', 'Острая пицца с пепперони и сыром', 550.00, 'PIZZA', true),
(2, 'Филадельфия', 'Ролл с лососем и сливочным сыром', 520.00, 'SUSHI', true),
(2, 'Калифорния', 'Ролл с крабом и авокадо', 480.00, 'SUSHI', true),
(3, 'Чизбургер', 'Бургер с говядиной и сыром', 290.00, 'BURGER', true),
(3, 'Биг Кинг', 'Большой бургер с двойной котлетой', 450.00, 'BURGER', true),
(4, 'Борщ', 'Традиционный украинский борщ', 280.00, 'SOUP', true),
(4, 'Пельмени', 'Домашние пельмени со сметаной', 320.00, 'MAIN', true),
(5, 'Курица с овощами', 'Курица с овощами в соусе', 380.00, 'MAIN', true),
(5, 'Жареный рис', 'Рис с овощами и яйцом', 290.00, 'RICE', true);

-- 10 корзин
INSERT INTO carts (user_id, restaurant_id, total_amount) VALUES
(1, 1, 0.0),
(2, 2, 0.0),
(3, 3, 0.0),
(4, 4, 0.0),
(5, 5, 0.0),
(6, 1, 0.0),
(1, 2, 0.0),
(2, 3, 0.0),
(3, 4, 0.0),
(4, 5, 0.0);

-- 10 элементов корзины
INSERT INTO cart_items (cart_id, menu_item_id, quantity) VALUES
(1, 1, 2),
(1, 2, 1),
(2, 3, 1),
(2, 4, 2),
(3, 5, 1),
(3, 6, 1),
(4, 7, 1),
(4, 8, 2),
(5, 9, 1),
(5, 10, 1);

-- 10 заказов
INSERT INTO orders (user_id, restaurant_id, status, delivery_address, delivery_type, payment_method, preferred_delivery_time, total_amount) VALUES
(1, 1, 'DELIVERED', 'ул. Ленина, д. 10, кв. 25', 'DELIVERY', 'CARD', '2024-11-19 14:30:00', 1450.00),
(2, 2, 'IN_PROGRESS', 'пр. Мира, д. 15, кв. 34', 'DELIVERY', 'CASH', '2024-11-19 15:00:00', 1480.00),
(3, 3, 'PENDING', 'ул. Гагарина, д. 20, кв. 12', 'PICKUP', 'CARD', '2024-11-19 16:30:00', 740.00),
(4, 4, 'DELIVERED', 'ул. Советская, д. 30, кв. 45', 'DELIVERY', 'CASH', '2024-11-18 13:45:00', 920.00),
(5, 5, 'COOKING', 'пр. Победы, д. 15, кв. 23', 'DELIVERY', 'CARD', '2024-11-19 17:00:00', 670.00),
(6, 1, 'CANCELLED', 'ул. Молодежная, д. 8, кв. 67', 'DELIVERY', 'CARD', '2024-11-17 12:15:00', 550.00),
(1, 2, 'DELIVERED', 'ул. Ленина, д. 10, кв. 25', 'PICKUP', 'CASH', '2024-11-16 18:20:00', 1000.00),
(2, 3, 'IN_PROGRESS', 'пр. Мира, д. 15, кв. 34', 'DELIVERY', 'CARD', '2024-11-19 16:45:00', 450.00),
(3, 4, 'DELIVERED', 'ул. Гагарина, д. 20, кв. 12', 'DELIVERY', 'CASH', '2024-11-15 19:30:00', 640.00),
(4, 5, 'PENDING', 'ул. Советская, д. 30, кв. 45', 'PICKUP', 'CARD', '2024-11-19 18:00:00', 380.00);

-- 10 элементов заказа
INSERT INTO order_items (order_id, menu_item_id, name, price, quantity) VALUES
(1, 1, 'Маргарита', 450.00, 2),
(1, 2, 'Пепперони', 550.00, 1),
(2, 3, 'Филадельфия', 520.00, 1),
(2, 4, 'Калифорния', 480.00, 2),
(3, 5, 'Чизбургер', 290.00, 1),
(3, 6, 'Биг Кинг', 450.00, 1),
(4, 7, 'Борщ', 280.00, 1),
(4, 8, 'Пельмени', 320.00, 2),
(5, 9, 'Курица с овощами', 380.00, 1),
(5, 10, 'Жареный рис', 290.00, 1);

-- 10 отзывов
INSERT INTO reviews (order_id, user_id, restaurant_id, courier_id, restaurant_rating, courier_rating, comment) VALUES
(1, 1, 1, 7, 5, 4, 'Отличная пицца, доставили быстро!'),
(2, 2, 2, 8, 4, 5, 'Суши свежие, курьер очень вежливый'),
(3, 3, 3, 7, 3, 4, 'Бургеры неплохие, но ждали долго'),
(4, 4, 4, 8, 5, 5, 'Очень вкусный борщ, как у бабушки!'),
(5, 5, 5, 7, 4, 4, 'Китайская кухня на уровне, доставка вовремя'),
(6, 6, 1, 8, 2, 3, 'Заказ отменили без объяснения причин'),
(7, 1, 2, 7, 5, 5, 'Все супер, буду заказывать еще!'),
(8, 2, 3, 8, 4, 4, 'Нормально, но можно лучше'),
(9, 3, 4, 7, 5, 4, 'Пельмени просто объедение!'),
(10, 4, 5, 8, 3, 5, 'Еда нормальная, но курьер выше всяких похвал');

-- 10 записей истории статусов
INSERT INTO order_status_history (order_id, status) VALUES
(1, 'PENDING'),
(1, 'COOKING'),
(1, 'DELIVERING'),
(1, 'DELIVERED'),
(2, 'PENDING'),
(2, 'ACCEPTED'),
(2, 'COOKING'),
(3, 'PENDING'),
(4, 'PENDING'),
(4, 'DELIVERED');